	parameter_value	mae_joints	std_joints	mre_param	std_param
0	2	0.03138247509736816	0.03207047209863459	0.0023817403943777794	0.02388796132047283
1	3	0.05057657927247062	0.04571167571527749	0.002383264126478307	0.03325243092658853
2	4	0.04138315523465548	0.036761657167416535	0.008398928064576207	0.032289016291519125
3	5	0.03138247509736816	0.03207047209863459	0.0023817403943777794	0.02388796132047283
4	6	0.04341010305612049	0.04319168726310689	0.006598153474793264	0.025993531635080575
