	parameter_value	score	total_time	spasticity_index_sol	spasticity_std_sol	spasticity_index_gas	spasticity_std_gas	mstep_length	sstep_length	speed	mstance_period	sstance_period
0	70	16.533	15.0	3.8244428015374883	1.2458190406810175	4.727375514115388	1.5002044397256693	0.628989	0.02828907013318026	0.9146165333333334	60.625198646708654	1.5980616389823996
1	75	8.112	15.0	2.7983575303385493	0.9642880170414241	5.147468504320707	1.644776234435097	0.6915040000000002	0.027867659105134713	0.9544640666666666	59.6310736239285	1.1138597508394548
2	80	0.703	15.0	1.75380588679381	0.8052208808396739	5.454739114061346	1.754518454569893	0.7424377777777776	0.012341019026696584	0.9902662666666667	58.4345856648015	0.924884236217726
3	85	0.63	15.0	1.3871490552112242	0.7077746489131781	5.4176344340167955	1.7197225627449793	0.7671400000000004	0.008038528057631803	1.0145008	58.5423007267792	0.6056136776649084
4	90	0.616	15.0	0.9313185983089866	0.613291360605669	5.157295617239513	1.6264930237377089	0.7711349999999999	0.008453849123328395	1.0623558	58.814041743846545	0.6447501367210667
5	95	0.601	15.0	0.531896612576667	0.24203433570751445	5.235523622546849	1.6493738784423515	0.7835599999999998	0.006544738344655547	1.1240835999999998	58.85509193525665	0.5562509519209539
