	parameter_value	score	total_time	spasticity_index_sol	spasticity_std_sol	spasticity_index_gas	spasticity_std_gas
0	70	16.533	15.0	3.8244428015374883	1.2458190406810175	4.727375514115388	1.5002044397256693
1	75	8.112	15.0	2.7983575303385493	0.9642880170414241	5.147468504320707	1.644776234435097
2	80	0.703	15.0	1.75380588679381	0.8052208808396739	5.454739114061346	1.754518454569893
3	85	0.63	15.0	1.3871490552112242	0.7077746489131781	5.4176344340167955	1.7197225627449793
4	90	0.616	15.0	0.9313185983089866	0.613291360605669	5.157295617239513	1.6264930237377089
5	95	0.601	15.0	0.531896612576667	0.24203433570751445	5.235523622546849	1.6493738784423515
