	parameter_value	mae_joints	std_joints	mae_param	std_param
0	1			5.707705941542886	40.86154939214576
1	2	0.0	0.0	1.149200937817663	7.114314117514331
2	3	4.0	0.0	1.2802435511351138	8.656869710738677
3	4			2.6041327547858626	23.62940671522979
4	6	9.0	0.0	1.2895639013745503	6.369737140347913
5	8	3.0	0.0	-0.9258663755754561	13.179305017989593
6	9	0.0	0.0	0.6211530302957228	12.9332355234057
7	10	6.0	0.0	1.9046499352074653	11.380309630575411
8	12			3.476784597581861	28.546226857226532
