	parameter_value	mae_joints	std_joints	mae_param	std_param
0	2	8.0	0.0	-6.193905300539875e-05	0.039953979139465044
1	3	16.0	0.0	0.00895782818057523	0.027774129980542944
2	4	0.0	0.0	0.0008607258862299092	0.03513676105902387
3	5	8.0	0.0	-6.193905300539875e-05	0.039953979139465044
4	6	3.0	0.0	0.0019179766842495186	0.03151210561267549
