	parameter_value	score	total_time	spasticity_index_sol	spasticity_std_sol	spasticity_index_gas	spasticity_std_gas
0	150	1.586	15.0	0.14102656819577114	0.029207446904398797	4.868027251060829	1.6660102073404213
1	200	24.261	15.0	0.13173074312575836	0.052072047372374336	4.405792320817125	1.4269893822728659
2	250	14.738	15.0	0.08534274977778776	0.03719293067522038	4.415676022880003	2.477397449707782
3	300	13.194	15.0	0.11001799881673287	0.059996874211515415	5.49762018598419	2.920816299757818
4	350	16.144	15.0	0.242921115183446	0.2671420638251469	5.316804651514579	2.3424733939891884
