	parameter_value	score	total_time	spasticity_index_sol	spasticity_std_sol	spasticity_index_gas	spasticity_std_gas	mstep_length	sstep_length	speed	mstance_period	sstance_period
0	150	1.586	15.0	0.14102656819577114	0.029207446904398797	4.868027251060829	1.6660102073404213	0.8091222222222221	0.034862714172969586	1.0135906	57.4622084435954	1.2385349036969173
1	200	24.261	15.0	0.13173074312575836	0.052072047372374336	4.405792320817125	1.4269893822728659	0.6499159999999999	0.05019627221218689	0.9087440000000001	64.87315768793705	2.4113247152173205
2	250	14.738	15.0	0.08534274977778776	0.03719293067522038	4.415676022880003	2.477397449707782	0.756237777777778	0.06608968801355032	0.9201771333333333	58.843127428533535	5.006249891831119
3	300	13.194	15.0	0.11001799881673287	0.059996874211515415	5.49762018598419	2.920816299757818	0.7698722222222225	0.05595585338814048	0.9050630666666667	61.06702317308665	3.957566355397136
4	350	16.144	15.0	0.242921115183446	0.2671420638251469	5.316804651514579	2.3424733939891884	0.6185822222222223	0.06438176791224477	0.8814224666666667	50.89254835600059	5.900134662213197
